Symbol,12/31/19 Stock Price,12/31/18 Stock Price,Industry,Average Revenue Growth Rate,Net Income,EPS,Market Cap,Debt-to-Equity,Free Cash Flow,Beta,Moving Average,Stock Growth Rate
MMM,176.42,190.54,7,0.001972031,-0.016086362,0.007224694,-0.007419718,0.337036627,0.009105975,0.952213309,171.5566218,0.037705058
ABT,86.86,72.33,6,0.095208714,0.100513584,0.067565217,0.177738282,0.129106154,0.116030493,1.028069344,50.07549823,0.125844067
ABBV,88.54,92.19,6,0.107561904,0.347524168,0.366553185,0.046585183,0.18039377,0.341748111,1.103628437,68.14832496,0.089457094
ABMD,170.59,325.04,6,0.315947461,0.677879755,0.645574175,0.376908175,-0.006525744,0.514401024,1.144663174,104.6241973,0.709491739
ACN,210.57,141.01,8,0.062845891,0.099806239,0.097754977,0.176348113,0.659423792,0.08355317,1.055842457,117.4264028,0.120953135
ATVI,59.42,46.57,1,0.080357609,0.12489574,0.114474777,0.258009052,-0.168044617,0.069785092,1.17118183,37.58524708,0.23298501
ADBE,329.81,226.24,8,0.219193233,0.63378256,0.64105714,0.345099522,0.125608911,0.287322461,1.265727994,121.2279784,0.328185533
AMD,45.86,18.46,8,0.040995079,0.085416082,0.095086603,0.898602592,-0.403484455,0.084617158,1.627881565,7.381936705,0.62154912
AAP,160.16,157.46,2,-0.002755101,-0.002822141,0.003822517,-0.009358181,-0.018714438,-0.070320049,0.879900571,139.4457508,-0.002868927
AES,19.9,14.46,11,-0.098856927,0.085416082,0.095086603,0.061157508,0.026143719,0.084617158,0.876667243,12.92833582,0.012298488
AFL,52.9,45.56,5,-0.00373244,0.02285522,0.063886664,0.071230172,-0.048744235,-0.035925289,0.891903873,36.99644857,0.10512371
A,85.31,67.46,6,0.04986226,0.162711015,0.174008448,0.140254449,-0.010463482,0.104857911,1.232348993,50.79567554,0.132986212
APD,234.99,160.05,9,-0.030602862,0.129710229,0.121925987,0.10913237,-0.180772449,0.06035257,1.00082536,141.9838788,0.046701263
AKAM,86.38,61.08,8,0.080601299,0.074375682,0.094291015,0.044906824,0.202045679,0.07890376,1.281913507,62.39508874,-0.007550134
ALK,67.75,60.85,7,0.103433828,0.049141806,0.068412601,0.010353895,0.172123171,0.250148536,1.111828128,63.09474868,0.004529045
ALB,73.04,77.07,9,0.079766345,0.319490095,0.243759056,0.104793633,-0.089855555,0.084617158,1.174778521,76.55124491,0.064016931
ARE,161.58,115.24,10,0.160699091,0.085416082,0.095086603,0.238314675,-0.029641454,0.423528419,0.669528593,102.8191352,0.067507553
ALXN,108.15,97.36,6,0.174445862,0.296272454,0.265833754,-0.081898477,0.437420728,0.308599847,1.479272697,137.7858163,-0.148304007
ALGN,279.04,209.43,6,0.258741135,0.248723394,0.253477486,0.374114193,-0.035168216,0.241252544,1.36664898,111.5922528,0.391192892
ALLE,124.54,79.71,7,0.061434747,0.180579305,0.187625225,0.168627473,-0.625444185,0.156351106,1.000085686,72.35782407,0.094922136
AGN,191.17,133.66,6,0.102243205,0.085416082,0.095086603,-0.016582715,-0.135561298,0.279122825,1.000136046,208.3656587,-0.151124478
ADS,112.2,150.08,8,0.010282651,-0.092919526,-0.074970142,-0.223566666,0.163642413,-0.019305601,1.14574958,225.6181765,-0.148920329
LNT,54.72,42.25,11,0.017154871,0.076051549,0.062882733,0.126310326,0.042933627,1.445541388,0.417115731,36.25867545,0.062036541
ALL,112.45,82.63,5,0.048596001,0.112053374,0.175012022,0.043343426,0.027716132,0.09758995,0.800358032,75.20126393,0.041412668
GOOGL,1339.39,1044.96,1,0.196509618,0.192905534,0.187266758,0.208235346,0.059844573,0.220909435,1.140122559,798.0792041,0.184597545
GOOG,1102.49,1184.62,1,0.196509618,0.192905534,0.06828812,0.208235346,0.059844573,0.220909435,1.238076568,847.9046236,0.209444487
MO,49.91,49.39,3,0.019827683,0.085416082,0.095086603,-0.008656396,-0.053157932,0.110241087,1.506357209,54.39739099,0.000608334
AMZN,1847.84,1501.97,2,0.258134571,0.085416082,0.095086603,0.448458091,0.151729373,0.618621328,1.280315912,763.802192,0.483209086
AEE,76.8,65.23,11,-0.004770223,0.071584799,0.068471413,0.110407731,0.037476602,0.084617158,0.421694572,50.82257084,0.090475672
AAL,28.68,32.11,7,0.014216371,-0.101738914,-0.010180237,-0.200525097,0.453114923,0.084617158,1.362222476,40.67235357,-0.120353605
AEP,94.51,74.74,11,-0.013704655,0.032903107,0.030304042,0.094615617,0.047541704,0.084617158,0.344726425,64.01865823,0.053307879
AXP,124.49,95.32,5,0.055479332,0.028080675,0.074593333,0.011373215,-0.014804786,0.041216911,1.016045147,86.19355939,0.00607089
AIG,51.33,39.41,5,-0.050343888,0.085416082,0.095086603,-0.10648878,0.103798543,0.084617158,1.05667338,55.2538654,-0.084127086
T,39.08,28.54,1,0.064681868,0.17041792,0.094444256,0.103798259,0.023268619,0.239959462,0.640942354,35.40211337,-0.039912111
AMT,229.82,158.19,10,0.130783572,0.180075741,0.161489535,0.210349476,0.048596186,0.189370793,0.700708127,118.1667979,0.124735979
AWK,122.85,90.77,11,0.03675437,0.079507576,0.07764675,0.183688379,0.046020773,0.084617158,0.428341571,69.32534322,0.142362088
AMP,166.58,104.37,5,0.009589835,0.031764909,0.108194038,-0.028632955,0.015870712,-0.120548588,1.496326858,122.7210535,-0.057470394
ABC,85.02,74.4,6,0.07987204,0.791868613,0.952326197,-0.023492592,0.071019947,-0.112645497,0.784397882,84.56860935,-0.046897172
AME,99.74,67.7,7,0.051037015,0.08063649,0.097520019,0.119892807,0.037178416,0.091045296,1.106692424,59.46454183,0.064973557
AMGN,241.07,194.67,6,0.03091493,0.087399428,0.137836861,0.034036333,0.176828548,0.01713875,1.155032056,160.0515699,0.051423378
APH,108.23,81.02,8,0.090018173,0.10247152,0.114726261,0.140189423,0.021099144,0.124384992,1.051251543,65.65137122,0.107725904
ADI,118.84,85.83,8,0.158998205,0.16714702,0.128574809,0.204298782,0.12390244,0.233129295,1.222416788,70.40823147,0.115057887
ANSS,257.41,142.94,8,0.101226196,0.121217134,0.141534233,0.239297492,-0.035168216,0.048368444,1.095493431,112.7913998,0.14903956
ANTM,302.03,262.63,6,0.071237924,0.133439489,0.152538998,0.176866545,0.012489076,0.134259739,0.904568825,164.4514892,0.202342447
AON,208.29,145.36,5,-0.017755135,0.01862064,0.061444456,0.123183698,0.242534598,0.028230564,0.882996547,115.7813975,0.112691553
AOS,47.64,42.7,7,0.049005051,0.122305875,0.142614879,0.089954896,0.04084505,0.171056089,1.160721323,40.3497548,0.109239797
APA,25.59,26.25,4,-0.131763189,0.085416082,0.095086603,-0.164206123,0.304744378,0.084617158,1.301921966,51.27945011,-0.195516014
AIV,51.65,45.2486,10,-0.01465999,0.08920397,0.084723517,0.072011992,-0.05937359,0.084617158,1.510547294,41.15194464,0.042502087
AAPL,293.65,157.74,8,0.06024214,0.052874352,0.113027807,0.150474865,0.359409333,0.013024731,1.054081613,130.4857116,0.093359195
AMAT,61.04,32.74,8,0.09996165,0.203445982,0.265614865,0.12914491,0.203044132,0.12473008,1.402595451,29.66362465,0.070613362
APTV,94.97,61.57,2,-0.01519101,-0.060285411,-0.030216126,0.024026017,0.122396985,-0.093740313,1.299495817,67.61550004,0.00270168
ADM,46.35,40.97,3,-0.044546642,-0.093112133,-0.065624315,-0.05074504,0.136560051,0.084617158,0.925688021,43.37802433,-0.05785954
AJG,95.23,73.7,5,0.09233449,0.171267621,0.12752361,0.185133393,0.043715536,0.225209981,0.817367556,55.71851411,0.118556069
AIZ,131.08,89.44,5,-0.005984316,-0.04068339,-0.020517115,0.105779044,0.105903108,0.084617158,0.899847556,83.56770529,0.069230436
ATO,111.86,92.72,11,-0.101650502,0.121280227,0.081583656,0.194712227,-0.041478335,0.084617158,0.493976027,70.54958702,0.135668591
ADSK,183.46,128.61,8,0.050376602,0.085416082,0.095086603,0.241894396,0.773887872,0.084617158,1.460215813,80.81468779,0.209685159
ADP,170.5,131.12,8,0.064446215,0.113803508,0.136218018,0.129172441,0.290355193,0.088366158,0.990345733,99.24571276,0.119862713
AZO,1191.31,838.34,2,0.044988902,0.081966327,0.146410507,0.073136371,-0.035168216,0.122818944,0.643233327,691.328775,0.078730833
AVB,209.7,174.05,10,0.066467048,0.028313218,0.015597727,0.063090037,-0.00844717,0.084617158,1.355873288,170.1380173,0.015926149
AVY,130.82,89.83,9,0.022351534,0.044250233,0.067249182,0.182416453,0.181923157,0.205548076,1.015090585,74.58968662,0.147110772
BKR,25.63,21.5,4,0.166702302,0.085416082,0.095086603,0.016542834,0.0615541,0.084617158,1.162521851,43.78627259,-0.213086536
BLL,64.67,45.98,9,0.060099927,0.037871807,0.001173712,0.177800167,-0.030130636,0.084617158,0.871814349,38.14704938,0.07770877
BAC,35.22,24.64,5,0.036136152,0.415147806,0.505041444,0.109847323,-0.037775467,0.084617158,1.360451577,20.51317153,0.08332207
BK,50.33,47.07,5,0.05349173,0.115863266,0.160166765,0.003238106,0.008866326,0.084617158,1.161188418,43.35763602,0.037850497
BAX,83.62,65.82,6,-0.033997338,-0.162309218,-0.15176008,0.01453113,-0.077096,0.06287223,0.835615111,50.80782911,0.133905786
BDX,271.97,225.32,6,0.153945426,-0.045316537,-0.139824372,0.223251574,-0.025072934,0.116561714,0.852415556,170.726356,0.128031768
BBY,87.8,52.96,2,0.014928007,0.087399538,0.145511903,0.106913811,0.226893761,0.078738171,1.067176187,45.28576747,0.079633956
BIIB,296.73,300.92,6,0.081819948,0.149438415,0.204544963,-0.077545367,0.517397627,0.198513532,1.240623494,285.2764145,-0.009528681
BLK,502.7,392.82,5,0.055822995,0.063244872,0.079478115,0.054684378,-0.09563287,-0.012448977,1.373894623,382.6951265,0.023790666
BA,325.76,322.5,7,-0.0334631,0.085416082,0.095086603,0.14621021,1.328094652,0.084617158,1.110091538,191.9430333,0.255056556
BKNG,2053.73,1722.42,2,0.122821762,0.149716065,0.19701566,0.075645817,0.348165127,0.089447063,1.149127603,1485.581078,0.108634919
BWA,43.38,34.74,2,0.041305433,0.026108967,0.045494787,-0.064384411,0.061672874,0.193641807,1.413584378,45.78797143,-0.108306647
BXP,137.86,112.55,10,0.043136874,0.033035614,0.031936482,0.015869332,0.010840634,0.084617158,0.75810119,124.2741054,-0.032947227
BSX,45.22,35.34,6,0.077847275,0.085416082,0.095086603,0.290992474,0.088918006,0.084617158,1.074336189,21.96733615,0.277946482
BMY,64.19,51.98,6,0.104874879,0.114055666,0.128031898,0.089435694,0.166569197,0.224935257,0.86239099,57.07022813,-0.031296491
AVGO,316.02,254.28,8,0.395548474,0.085416082,0.095086603,0.379353986,0.057709992,0.646354408,1.38027381,153.2147093,0.260925271
BR,123.54,96.25,8,0.106667887,0.102929261,0.113303213,0.206410919,0.216297945,0.075510128,0.930179111,67.42305274,0.201535765
CHRW,78.2,84.09,7,0.025931337,0.051099049,0.066587406,-0.007011451,0.001670225,0.102290622,0.768771408,73.40110969,0.02939044
COG,17.41,22.35,4,-0.010022502,0.085416082,0.095086603,-0.102997033,-0.025053334,0.084617158,0.990653277,26.18657151,-0.067905855
CDNS,69.36,43.48,8,0.081244198,0.44149695,0.451656406,0.285089094,-0.026081291,0.187898248,1.031256748,28.29883264,0.230426146
CPB,49.42,32.99,3,-0.001079139,-0.271846881,-0.268259583,0.015753452,0.228659193,0.071634168,1.259577045,47.13628211,-0.069465649
COF,102.91,75.59,5,0.071837823,0.046054834,0.075607248,0.008702041,0.001526169,0.123442548,1.20337542,81.67145365,-0.021779371
CPRI,38.15,37.92,2,0.062690574,-0.165886971,-0.114307276,-0.178523329,2.893517686,-0.035696715,0.946833528,54.22646687,-0.157039746
CAH,50.58,44.6,6,0.09764118,0.085416082,0.095086603,-0.111505013,0.518125624,-0.062774478,0.945457524,67.32268835,-0.137865595
KMX,87.67,62.73,2,0.073044339,0.093696223,0.154074713,0.000263699,0.114791075,-0.278725049,1.172544508,61.1679461,-0.014780783
CCL,50.83,49.3,2,0.055675627,0.19734411,0.224947988,-0.005011967,0.038409085,-0.441562101,1.0220611,50.10916174,0.021210567
CAT,147.68,127.07,7,-0.005067037,0.085416082,0.095086603,0.080524645,0.040905341,-0.019330738,1.235739064,103.0022191,0.085475166
CBOE,120,97.83,5,0.130159894,0.146616404,0.088046673,0.199717754,-0.101541799,0.229769274,0.565397651,75.96685062,0.114452221
CBRE,61.29,40.04,10,0.214308888,0.214905492,0.210456552,0.124698783,-0.087342518,0.136447931,1.300862907,35.77001059,0.039820495
CDW,142.84,81.05,8,0.083519858,0.246442264,0.286260975,0.276446247,-0.002637591,0.15789078,0.971181397,52.74242559,0.232097745
CE,123.12,89.97,9,-0.015310259,0.064267992,0.112288441,0.100686008,0.047569774,0.307200449,1.238187442,78.03866738,0.106774193
CNC,62.87,57.65,6,0.351374909,0.372734995,0.224282145,0.336850837,0.066930215,-0.076134032,1.064950483,34.65679185,0.220711963
CNP,27.27,28.23,11,0.059218101,0.085416082,0.095086603,0.0629896,-0.013952145,0.084617158,0.638496821,24.6335241,0.04769446
CTL,13.21,15.15,1,0.04435829,0.085416082,0.095086603,-0.086083361,0.160478598,0.073479048,0.911480838,24.2619084,-0.213435737
CERN,73.39,52.44,6,0.108401984,0.001525883,0.015120208,0.008653572,0.384800255,0.080878139,1.004754603,60.91338373,-0.051020686
CF,47.74,43.51,9,-0.006544886,0.085416082,0.095086603,-0.051969658,-0.022172876,0.084617158,1.136772567,41.49246437,-0.054781509
SCHW,47.56,41.53,5,0.138691805,0.22900495,0.227927462,0.091577733,0.063792891,0.084617158,1.509034365,35.35133269,0.082990643
CHTR,485.08,284.97,1,0.381084309,0.085416082,0.095086603,0.45700599,-0.568458472,1.012258232,0.920107048,248.752217,0.115152748
CVX,120.51,108.79,4,-0.061698653,0.085416082,0.095086603,0.014476755,0.070263704,0.084617158,0.996788593,111.7526203,-0.007641977
CMG,837.11,431.79,2,0.063393862,-0.04696722,-0.02536615,0.018513308,-0.035168216,-0.020249128,0.757892305,508.1172329,-0.108804067
CB,155.66,129.18,5,0.122149244,0.093174993,0.028272984,0.131060968,0.059561357,0.022293226,0.818183048,122.8915936,0.02976402
CHD,70.34,65.76,3,0.057333204,0.082736944,0.102468846,0.103634016,0.140629805,0.109764248,1.36460117,46.85920275,0.136586827
CI,204.49,189.92,6,0.345993805,0.194140948,0.112933193,0.232406949,0.138190972,0.382031142,0.85288127,138.1780339,0.165542947
CINF,105.15,77.42,5,0.098893575,0.306302483,0.306126104,0.15181769,-0.073701191,0.065044103,0.862745968,66.02761192,0.105523527
CTAS,269.08,167.99,7,0.0978716,0.159326817,0.189743586,0.249122686,0.099466414,0.157020185,0.944430526,112.4049674,0.209724458
CSCO,47.96,43.33,8,0.019083414,0.074320762,0.112575494,0.074222829,0.126988606,0.061885386,1.076830728,32.56210196,0.117190943
C,79.89,52.06,5,0.026184764,0.085416082,0.095086603,0.01248264,0.015726478,0.084617158,1.394308674,57.25469248,-0.009609063
CTXS,110.9,102.46,8,-0.008564019,0.085416082,0.095086603,0.070553142,0.359945995,-0.051620233,1.042800594,70.86529708,0.191696344
CLX,153.54,154.14,3,0.019810865,0.093462594,0.098969133,0.074002971,-0.257294473,0.029621009,0.487991688,121.4633359,0.102812017
CME,200.72,188.12,5,0.093574165,0.134308443,0.119279014,0.192235588,0.121281541,0.160990564,0.788728317,115.162505,0.206949384
CMS,62.84,49.65,11,-0.009483077,0.073490256,0.063018649,0.131991251,0.02227667,0.084617158,0.367596923,40.46042398,0.093304438
KO,55.35,47.35,3,-0.041229272,0.046756754,0.053571665,0.050999901,0.122986493,0.005017015,1.379595025,43.75647582,0.029083082
CTSH,62.02,63.48,8,0.103372574,0.050582724,0.068702386,0.011546204,0.238080416,0.108173075,1.104706114,60.5026569,0.047825627
CL,68.84,59.52,3,-0.019048517,0.016595898,0.029321744,-0.012286828,0.3255194,0.019456288,0.640151517,68.05115752,-0.036936556
CMCSA,44.97,34.05,1,0.096359411,0.09274764,0.121868293,0.065078882,0.093496716,0.105732359,0.934530222,32.59073677,0.040904921
CMA,71.75,68.69,5,0.07832706,0.15101352,0.194138086,0.042085647,0.211965687,0.120274084,1.261825922,58.86910091,0.100447068
CAG,34.24,21.36,3,-0.059121396,0.085416082,0.095086603,0.015201837,-0.018349521,0.116802245,0.639163595,31.2545268,-0.067352366
CXO,87.57,102.79,4,0.104654183,0.085416082,0.095086603,0.093242898,-0.201409989,-0.150918005,1.386720909,117.9564105,0.007533489
COP,65.03,62.35,4,-0.0911672,0.085416082,0.095086603,-0.034405972,0.032315346,0.084617158,1.174177502,57.92716547,-0.02522929
ED,90.47,76.46,11,-0.005398954,0.042784469,0.018099599,0.092392805,0.037380186,0.084617158,0.64099527,71.15172562,0.03742364
STZ,189.75,160.82,3,0.066766298,0.011840574,0.013491801,0.138897056,-0.038781135,0.41914844,0.795518219,142.7924339,0.131332639
COO,321.29,254.5,6,0.090855533,0.115785781,0.109690394,0.150915157,0.183299405,0.142041856,0.839077944,192.1668346,0.119393784
CPRT,90.94,47.78,7,0.127060105,0.296581414,0.320380602,0.356059638,-0.035782486,0.0961817,0.909621968,29.28228514,0.272112645
GLW,29.11,30.21,8,0.034364634,0.085416082,0.095086603,-0.052982552,0.277122656,0.084617158,1.188760389,24.1268771,0.071363059
COST,293.92,203.71,3,0.062015147,0.119041625,0.118229185,0.157678523,0.033199407,0.084438891,0.718030714,165.3166998,0.094894616
COTY,11.25,6.56,3,0.13318767,0.085416082,0.095086603,0.03017137,-0.154193063,0.084617158,0.693460088,17.76229289,-0.249339817
CCI,142.15,108.63,10,0.10352303,0.191044727,0.13743443,0.176013821,0.041296261,-0.178473162,1.424682547,94.10912842,0.083911345
CSX,72.36,62.13,7,-0.011832488,0.115677266,0.166583284,0.093457527,0.097137644,0.289948227,1.167337692,41.26946532,0.144348369
CMI,178.96,133.64,7,0.041646612,0.064810373,0.09880348,0.00805957,0.092437425,0.102517197,1.151917379,140.1373525,-0.018782259
CVS,74.29,65.52,6,0.130001176,0.085416082,0.095086603,-0.02626928,0.33631855,0.116057945,0.821902603,78.44640279,-0.091812278
DHI,52.75,34.66,2,0.15887693,0.260974671,0.248364644,0.160615588,-0.12473367,0.084617158,1.2013542,31.96839285,0.081981742
DHR,153.48,103.12,6,0.003902421,0.029722352,0.020743038,0.128521935,0.289939635,0.00284787,0.953220694,80.23169556,0.122464335
DRI,109.01,99.86,2,0.061719371,-0.012205526,0.001579163,0.129410811,0.072501183,0.395346009,0.766542882,71.36966415,0.174385137
DVA,75.03,51.46,6,-0.075412731,-0.017596677,0.055480907,-0.099979352,0.137299086,0.098037304,0.786329611,67.25287082,-0.092103963
DE,173.26,149.17,7,0.017101071,0.005796348,0.033975227,0.12248235,0.01342511,0.084617158,0.940666335,108.2143281,0.139518461
DAL,58.48,49.9,7,0.030950875,0.485497576,0.570215727,-0.016819104,0.049234752,0.052765889,1.260150228,45.15298933,0.003589088
XRAY,56.59,37.21,6,0.066330182,0.085416082,0.095086603,0.107934685,-0.099385134,0.02043217,0.828849454,52.98493784,-0.085793629
DVN,25.97,22.54,4,-0.156854819,0.085416082,0.095086603,-0.16813495,0.080772532,0.084617158,1.472148229,42.31896369,-0.221008206
FANG,92.86,92.7,4,0.514653186,0.085416082,0.095086603,0.344380151,-0.041814344,-0.023471509,1.370825343,85.94019747,0.11591459
DLR,119.74,106.55,10,0.147013834,0.236981086,0.187359963,0.231956378,-0.02382845,-0.230779048,1.550587992,87.19861588,0.125926346
DFS,84.82,58.98,5,0.077962415,0.049446789,0.131300434,-0.021880797,0.031811593,0.099394909,1.181544194,63.14620339,-0.025835174
DISCA,32.74,24.74,1,0.122080476,0.085416082,0.095086603,-0.010005493,0.047486638,0.210209936,1.056465885,29.77563568,-0.079438904
DISCK,30.49,23.08,1,0.122080476,0.085416082,0.095086603,-0.01068643,0.047486638,0.210209936,1.032067872,28.13357973,-0.090428048
DISH,35.47,24.8706,1,-0.026433072,0.081775611,0.073965137,-0.112031525,-0.30790684,0.086244235,1.069207226,49.99147081,-0.234953717
DG,155.98,108.08,2,0.08092014,0.099745236,0.139613833,0.131074178,0.191169757,0.117930452,0.694694859,81.45338311,0.111940325
DLTR,94.05,90.32,2,0.229587164,0.085416082,0.095086603,0.089883711,0.218220931,0.077370088,0.802890476,78.19058212,0.064348045
D,82.82,71.46,11,0.059104571,0.00722314,-0.064747944,0.088637787,-0.078896084,0.084617158,0.383719733,72.40346818,-0.018174815
DOV,115.26,70.95,7,-0.016430867,-0.026471301,0.000428817,0.071404293,0.093415505,-0.013025274,1.152721085,67.41191166,0.052169055
DTE,129.87,110.3,11,0.005912914,0.052526857,0.04408988,0.102926518,0.060588507,0.084617158,0.368112896,93.66449043,0.063048669
DUK,91.21,86.3,11,0.009465902,0.147598184,0.137244319,0.023904479,0.055147701,0.084617158,0.347470032,79.10128916,0.008159115
DRE,34.67,25.9,10,-0.01437153,0.11983648,0.141065131,0.130462095,-0.157555237,0.14791703,0.790148113,23.5522236,0.064111407
DD,64.2,76.0916,9,-0.196540124,0.085416082,0.095086603,-0.026326558,-0.022114351,0.084617158,1.224628396,76.30436221,0.040597734
ETFC,45.37,43.88,5,0.092689742,0.266564031,0.303605579,0.078834548,-0.201788826,0.259936757,1.537266708,32.56447232,0.159755217
EMN,79.26,73.11,9,-0.005390006,0.002121472,0.018801501,-0.008845306,-0.0551615,0.058766321,1.226770653,79.68291883,-0.009188619
ETN,94.72,68.66,7,-0.010524274,0.042801604,0.068155008,0.039551981,-0.008962527,0.181111762,1.247794631,71.05570866,0.002565157
EBAY,36.11,28.07,2,-0.033981871,0.085416082,0.095086603,-0.158747925,0.509468865,-0.119565872,1.020884392,29.32796664,0.044099791
ECL,192.99,147.35,9,0.008614689,0.053234236,0.061192672,0.121401903,-0.011681407,0.087135359,0.930876963,126.9354996,0.08965166
EIX,75.41,56.77,11,-0.016411187,0.085416082,0.095086603,0.048559741,0.071209669,0.084617158,0.436204231,64.1531464,-0.035055009
EW,233.29,153.17,6,0.133579032,0.052364428,0.070250734,0.289892537,-0.125902588,-0.002869303,1.01037714,91.32322083,0.245304667
EA,107.51,78.91,1,0.038855105,0.272859901,0.285543845,0.165141001,-0.045538221,0.104822648,1.107684747,70.06577655,0.138213941
EMR,76.26,59.75,7,-0.056040877,-0.003922047,0.022392193,0.01684137,0.02898263,-0.028417295,1.138902424,61.13925345,-0.008117088
ETR,119.8,86.07,11,-0.027323352,0.085416082,0.095086603,0.086021453,0.080876711,0.084617158,0.398430798,78.5221812,-0.004054079
EOG,83.76,87.21,4,0.004057289,0.085416082,0.095086603,-0.006940006,-0.027253622,0.084617158,1.252167726,92.65373362,-0.013466049
EFX,140.12,93.13,7,0.075603716,0.085416082,0.095086603,0.117119636,0.183820217,0.084617158,0.909215606,104.8451814,0.035918383
EQIX,583.7,352.56,10,0.17878908,0.085416082,0.095086603,0.319287619,-0.024840172,0.084617158,0.832751617,324.3065205,0.116685848
EQR,80.92,66.01,10,0.006517571,0.089782527,0.084471771,0.029121882,-0.028039018,0.084617158,1.383151982,67.49334638,-0.020936518
ESS,300.86,245.21,10,0.085193043,0.283661601,0.255285211,0.085189554,0.022272548,0.084617158,1.412516403,228.7512195,0.043763162
EL,206.54,130.1,3,0.076799162,0.104365855,0.116808345,0.207693957,0.26173735,0.067657325,0.90302381,100.7960893,0.14309041
EVRG,65.09,56.77,11,0.079490162,0.089841191,0.088235423,0.218088737,0.027410958,0.100227443,0.363108671,46.81779916,0.083178571
ES,85.07,65.04,11,0.01949438,0.020946696,0.017948673,0.101895003,0.049213817,0.084617158,0.385832119,55.87261534,0.04994393
RE,276.84,217.76,5,0.072141538,-0.033025407,-0.009729726,0.079391317,-0.026946695,0.07107788,0.638981039,198.7504578,0.06338582
EXC,45.59,45.1,11,0.046571144,0.12586808,0.09870659,0.067702893,0.049016743,0.084617158,0.478247005,36.49381886,0.050169024
EXPE,108.14,112.65,2,0.15926528,0.072536075,0.042527878,0.077211059,0.075759609,0.091228885,1.106321469,109.3688142,0.071813437
EXPD,78.02,68.09,7,0.044861733,0.093921284,0.123838117,0.090619033,-0.035168216,0.151869891,0.892265524,54.13414511,0.111508473
EXR,105.62,90.48,10,0.151053264,0.186823058,0.162533312,0.149297784,0.097594634,0.084617158,1.332404211,75.22708809,0.114524597
XOM,69.78,68.19,4,-0.068030528,-0.151054671,-0.150613925,-0.054863416,0.146653732,-0.151334373,0.908622413,84.09044146,-0.073269527
FFIV,139.65,162.03,8,0.048662215,0.035415984,0.080223936,-0.024808878,-0.035168216,0.014452432,1.087519274,126.4601302,0.055663129
FB,205.25,131.09,1,0.414929406,0.445901529,0.420598647,0.218944161,-0.271742805,0.423726828,1.170936398,113.9959229,0.13852063
FAST,36.95,26.145,7,0.073945699,0.098632786,0.105703087,0.084920025,0.504684353,0.139839234,1.064371876,24.32810375,0.023986424
FRT,128.73,118.04,10,0.064043239,0.16551028,0.137078326,0.013468551,-0.014222061,0.084617158,1.51370285,130.3851605,-0.030228269
FDX,151.21,161.33,7,0.081501031,-0.50302755,-0.495057646,-0.043046846,0.347439441,0.084617158,1.135957737,175.0082644,-0.018243389
FIS,139.09,102.55,8,0.100053474,-0.151881558,-0.163307964,0.37098322,0.045002521,0.168060999,0.965513898,77.60281357,0.133147174
FITB,30.74,23.53,5,0.085237807,0.111219111,0.15142042,0.053770535,-0.03389754,-0.024961226,1.175941317,23.27689581,0.036647435
FE,48.6,37.55,11,-0.060162133,0.085416082,0.095086603,0.098631083,0.114476973,0.084617158,0.447203214,34.86897742,-0.00936384
FRC,117.45,86.9,5,0.182032505,0.138204896,0.106165243,0.224283915,0.01689318,0.111463513,0.978497673,73.88992269,0.136328351
FISV,115.63,73.49,8,0.149942762,0.034417889,0.042142352,0.353385827,0.162105543,0.153635314,0.957807429,51.94926151,0.199625971
FLT,287.72,185.72,8,0.171707805,0.194085473,0.18843563,0.149024985,0.036073131,0.133348078,1.173312743,163.8396296,0.057132988
FLIR,52.07,43.54,8,0.042749933,-0.030422202,-0.022080569,0.089413604,0.121462331,0.145628205,0.989267652,37.75455143,0.07742703
FLS,49.77,38.02,7,-0.04157135,-0.131505896,-0.124335705,-0.043980574,0.082440212,-0.065261261,1.311794771,51.08894585,-0.107160743
FMC,99.82,64.0932,9,0.071834028,0.091961833,0.094954687,0.112268329,0.049752945,0.084617158,1.168505835,58.13842772,0.067144792
F,9.3,7.65,2,0.015898436,-0.479563244,-0.436106069,-0.091731816,-0.002179618,0.072746016,1.078396753,12.5763211,-0.161829379
FTNT,106.76,70.43,8,0.22856634,0.667266532,0.663368304,0.292893399,-0.035168216,0.342103168,1.244538357,40.04068837,0.231108655
FBHS,65.34,37.99,7,0.075095435,0.22261654,0.261320917,0.049464045,0.339497241,0.295125205,1.1918912,51.52886253,-0.042883728
BEN,25.98,29.66,5,-0.073194392,-0.115531556,-0.07715558,-0.177545959,-0.165380285,0.084617158,1.329194093,41.04596927,-0.144491841
FCX,13.12,10.31,9,-0.076477017,0.085416082,0.095086603,-0.047428891,-0.059248036,0.084617158,1.799413156,16.16908357,-0.184927094
GPS,17.68,25.76,2,0.000367782,-0.082888439,-0.055912489,-0.180319532,0.296328339,-0.118891594,0.906500724,29.53721758,-0.115617471
GRMN,97.56,63.32,2,0.055318728,0.211995371,0.21576149,0.129187821,-0.035168216,0.052548063,0.977944899,53.88132217,0.046321318
IT,154.1,127.84,8,0.159978375,0.048880937,0.048682202,0.132095014,0.088105568,0.062032933,0.952639429,100.8690896,0.110007143
GD,176.35,157.21,7,0.04986216,0.065831598,0.098161172,0.022686424,0.306050978,-0.096557028,0.942084768,153.5337393,0.033831245
GE,11.16,7.2767,7,-0.041323796,0.085416082,0.095086603,-0.174182208,0.045249612,0.084617158,0.966605188,20.14709329,-0.260184948
GIS,53.56,38.94,3,-0.00992774,0.070551998,0.073678859,0.001215289,0.077076537,0.07558847,1.442897838,53.95852521,-0.075608186
GM,36.6,33.45,2,-0.02521494,0.085416082,0.095086603,-0.013918507,0.176398187,0.20125382,1.117101215,35.45281559,-0.010623551
GPC,106.23,96.02,2,0.047976368,-0.026756849,-0.016943852,-0.011030611,0.390233548,-0.027337987,0.904209905,92.73414694,-0.025724719
GILD,64.98,62.55,6,-0.020430263,-0.149475106,-0.118361478,-0.103810123,0.114241707,-0.074643572,1.100792014,80.07181534,-0.097442312
GL,105.25,74.53,5,0.029927166,0.069800389,0.10841701,0.103396648,-0.032162899,0.093498736,0.947088762,67.25352959,0.083036445
GPN,182.56,103.13,8,0.028160264,-0.050924088,-0.138554609,0.586425982,-0.267879213,0.084617158,1.144785243,71.18613111,0.264285087
GS,229.93,167.05,5,0.061101237,-0.000259661,0.03812036,-0.005769521,-0.018703079,0.084617158,1.301552521,196.5591775,-0.036489679
GWW,338.52,282.36,7,0.028818373,0.011523599,0.057986105,0.009657404,0.49530975,0.074793582,0.908308721,246.120717,0.025917868
HRB,23.48,25.37,2,0.005289615,-0.024201879,0.033037804,-0.131315627,0.423688783,-0.029010419,0.876251117,27.79790788,-0.068383662
HAL,24.47,26.58,4,-0.073766087,0.085416082,0.095086603,-0.084121876,0.190468894,0.084617158,1.282571921,42.28257887,-0.09331223
HBI,14.85,12.53,2,0.055233142,0.08427063,0.106126358,-0.135908674,0.213125034,0.084617158,0.980851425,21.97192841,-0.181408443
HOG,37.19,34.12,2,-0.029523243,-0.128901993,-0.072503388,-0.164834884,0.191975779,-0.055619849,1.096720771,50.78872594,-0.151768439
HIG,60.77,44.45,5,0.021865669,0.085416082,0.095086603,0.040162407,-0.006292611,0.141503436,1.064374006,45.15214802,0.016155021
HAS,105.61,81.25,2,0.019906884,0.045857273,0.042163023,0.158958342,0.020764667,0.087796947,0.817790349,77.93044883,0.10251603
HCA,147.81,124.45,6,0.068161135,0.133280328,0.188807284,0.095187283,-0.035168216,0.086753289,0.890896444,82.21908834,0.14114151
PEAK,34.47,27.93,10,-0.024943919,0.085416082,0.095086603,-0.02762843,0.035789529,0.084617158,1.234825695,32.13038755,-0.086356864
HP,45.43,47.94,4,-0.072390356,0.085416082,0.095086603,-0.075593076,0.335337398,0.084617158,1.327654208,65.22306601,-0.081715359
HSIC,66.72,61.553,6,-0.007548698,0.083109029,0.113756911,-0.031097953,0.089501191,0.025145803,0.858647937,57.67718982,0.036330256
HSY,146.98,107.18,3,0.014768849,0.063037646,0.075942488,0.059919517,0.1553137,0.237353126,1.318791627,103.0084118,0.007727723
HES,66.81,40.5,4,-0.095644383,0.085416082,0.095086603,-0.016023676,0.241830102,0.094135144,1.457309274,61.2380341,-0.139362539
HLT,110.91,71.8,2,-0.020847494,0.05533944,0.095086603,0.040269416,0.993037883,0.048756811,0.996770222,62.22988197,0.076178309
HFC,50.71,51.12,4,-0.024191583,0.085416082,0.095086603,0.022115188,0.225714341,0.452976785,1.146095763,42.28748708,0.080681746
HOLX,52.21,41.1,6,0.056686104,0.085416082,0.095086603,0.134426438,-0.07029007,0.084617158,0.927735302,35.37155573,0.113448424
HD,218.38,171.82,2,0.063060282,0.131821663,0.179722387,0.114831734,0.632251321,0.11286997,0.923265587,134.2630073,0.131102935
HON,177,132.12,7,-0.018521997,0.077019136,0.095086603,0.100873406,0.139150144,0.090403768,1.03613148,115.3644388,0.085599166
HRL,45.11,42.68,3,0.003857121,0.10184981,0.099282331,0.119214775,-0.035411278,0.013712372,0.646689699,32.81023086,0.131368729
HST,18.55,16.67,10,0.004259413,0.046779838,0.051547497,-0.058690117,0.02589973,-0.087403273,1.093388249,18.83155384,-0.084883039
HPQ,20.55,20.46,8,-0.1201851,-0.088623763,-0.048001334,-0.165071834,-0.050913831,-0.140268398,1.21743548,16.57075749,0.029422095
HUM,366.52,286.48,6,0.059947927,0.187366981,0.221406983,0.171215892,0.090480307,0.330695817,0.752838939,194.3028001,0.188399025
HBAN,15.08,11.92,5,0.13856069,0.174108222,0.118864313,0.126946473,0.010945513,0.120671579,1.191424548,11.71122397,0.031727791
HII,250.88,190.31,7,0.050470451,0.101871953,0.139037204,0.135716755,-0.01300716,-0.078562469,0.999498885,165.830502,0.14055408
IEX,172,126.26,7,0.030390416,0.087785515,0.100996226,0.161812288,-0.037733778,0.083205265,1.056979167,98.65956664,0.128536837
IDXX,261.13,186.02,6,0.101284224,0.186485696,0.224734169,0.259415259,0.089797041,0.116505643,0.954439345,114.4816962,0.25858945
ITW,179.63,126.69,7,-0.005232602,-0.03067811,0.012247462,0.09293918,0.22141143,0.162896249,1.05525299,114.2060214,0.075469477
ILMN,331.74,299.93,6,0.137451167,0.231777535,0.215186113,0.132213784,-0.122839169,0.163275413,1.394427497,194.5290278,0.129038669
INCY,87.32,63.59,6,0.333744752,0.085416082,0.095086603,0.087747213,-0.658565042,0.084617158,1.492964003,80.10056642,-0.034276032
INTC,59.85,46.93,8,0.051934095,0.124541027,0.147739507,0.082116435,0.109842247,0.104242984,1.151788891,36.75720413,0.066389589
ICE,92.55,75.33,5,0.109650396,0.145282354,0.14909832,0.158320505,0.071933684,0.13135929,0.865381587,56.44030721,0.144800436
IBM,134.04,113.67,8,-0.036255547,-0.047423707,-0.023770165,-0.056507822,0.067130519,-0.010024556,0.906452889,155.9840923,-0.082548106
IP,46.05,40.36,9,-0.010737504,0.171571022,0.186198997,-0.044711881,0.003323016,0.064069925,1.143980497,48.17682413,-0.068383628
IPG,23.1,20.63,1,0.062821599,0.065758695,0.081309992,0.006140458,0.225209743,0.19428364,1.032846845,21.19022281,-0.001689399
IFF,129.02,134.27,9,0.107244659,0.019189795,-0.043272018,0.109140209,0.048482891,0.042940041,0.929658182,119.2727502,0.072823052
INTU,261.93,196.85,8,0.093663933,0.136313607,0.155623361,0.209698649,-0.037193173,0.105079067,1.09746982,126.0833213,0.208823519
ISRG,591.15,478.92,6,0.160062261,0.269201021,0.256857501,0.289328699,-0.035168216,0.154385259,0.949796438,256.474382,0.283791984
IVZ,17.98,16.74,5,0.035144204,-0.06975922,-0.106873921,-0.136773632,0.297877076,-0.014448247,1.48289056,30.20194893,-0.193258071
IPGP,144.92,113.29,8,0.112956726,-0.021032445,-0.02455309,0.144910558,0.087290935,0.157326365,1.290739127,110.1163561,0.108915495
IQV,154.51,116.17,6,0.152211344,-0.117279368,-0.188223909,0.318402549,0.108409729,0.190546411,0.880962507,81.27421652,0.185222776
IRM,31.87,32.41,10,0.06455455,-0.038941903,-0.102528531,0.024449562,0.034638566,0.198354109,0.778478972,33.06641449,-0.043127011
JKHY,145.67,126.52,8,0.058254049,0.071714474,0.088062816,0.171391131,0.004786072,0.061695064,0.84213581,88.81675095,0.194529786
J,89.83,58.46,7,0.00311568,0.240049657,0.228863708,0.154564286,0.130194505,0.084617158,1.214635839,56.4775919,0.069454012
JBHT,116.78,93.04,7,0.082520392,0.066168206,0.084923258,0.047469818,-0.034173444,0.084617158,0.888315492,90.30207985,0.02512057
SJM,104.13,93.49,3,0.068027558,-0.000286133,-0.020292307,0.02926669,0.109644818,0.122552392,1.420100745,115.2376743,-0.019082577
JNJ,145.87,129.05,6,0.019979044,-0.015207761,-0.002778786,0.055749141,0.171472164,-0.058218038,0.722938568,115.4441054,0.053992997
JCI,40.71,29.65,7,0.184641495,0.085416082,0.095086603,0.113403817,-0.003222428,0.084617158,0.97880759,37.94091812,-0.078398703
JPM,139.4,97.62,5,0.066940945,0.10872116,0.150631478,0.133239854,-0.032623244,0.084617158,1.211379511,81.24621733,0.117572769
JNPR,24.63,26.91,8,-0.007980082,0.085416082,0.095086603,-0.031106638,0.128312532,-0.061660112,0.980634582,25.59613505,0.047863896
KSU,153.16,95.45,7,0.021477919,0.014044794,0.035540282,0.024247809,0.014435701,0.084617158,1.186262434,103.7460744,-0.059568147
K,69.16,57.01,3,-0.014139069,0.087203473,0.098872457,0.003051507,0.048128184,0.084617158,1.330566073,66.58266819,-0.033889199
KEY,20.24,14.78,5,0.120759993,0.137903825,0.099103848,0.10608006,0.009458716,0.181939715,1.281003001,15.42718705,0.015464881
KMB,137.55,113.94,3,-0.013265586,0.071665186,0.091155691,0.018451674,0.894001752,-0.033004934,1.480604367,116.4375233,-0.003480129
KIM,20.71,14.65,10,0.031192433,-0.006399788,-0.021096241,-0.033025191,0.013499288,0.084617158,0.739658097,21.49990073,-0.126288428
KMI,21.17,15.38,4,-0.0403084,0.16374908,0.002096454,-0.118158856,-0.042041853,0.084617158,1.065480583,24.08526201,-0.22352348
KLAC,178.17,89.49,8,0.128414816,0.21776196,0.229412954,0.194396417,-0.032938825,0.208447097,1.206037711,83.02611295,0.062120794
KSS,50.95,66.34,2,0.012258945,-0.034744946,0.017343027,-0.083415965,0.03972073,-0.025802839,0.826986413,53.72248692,0.021034074
KR,28.99,27.5,3,0.027045107,-0.005075776,0.039256076,-0.059546812,0.005792235,-0.002820919,0.687229763,28.32748214,-0.037966922
LB,18.12,25.67,2,0.031150976,-0.176498263,-0.166941295,-0.276847408,-0.035168216,-0.034658371,0.97141359,52.48590931,-0.262028315
LHX,197.87,134.65,7,0.133158812,0.088959836,-0.060415496,0.422431328,-0.176987929,-0.041863918,0.899394227,103.0641894,0.170146503
LH,169.17,126.36,6,0.139605329,0.100135524,0.069052309,0.124949132,-0.024545372,0.142956742,0.778425088,132.0291442,0.040272321
LRCX,292.4,136.17,8,0.144600903,0.236556255,0.260021844,0.274559296,0.255460859,0.300278006,1.445205811,108.1039139,0.14458305
LVS,69.04,52.05,2,-0.011864294,-0.010250056,-0.001138955,0.025975471,0.108085875,-0.129935404,1.267721517,60.06747743,-0.027366813
LEG,50.83,35.84,2,0.046726527,0.277768129,0.295354248,0.026680239,0.195406585,0.127709286,1.01695037,42.40922664,-0.042333895
LDOS,97.89,52.72,8,-0.103463319,0.011431541,-0.11122128,0.338676208,-0.018335795,-0.242141717,0.993460216,52.15256945,0.049111454
LEN,55.79,39.15,2,0.233983915,0.236804544,0.135730663,0.141557788,-0.104821472,0.084617158,1.154091373,47.25274413,-0.032758513
LLY,131.43,115.72,6,0.026163523,0.085416082,0.095086603,0.104371477,0.740453152,0.029025751,0.804798794,80.19172,0.138034872
LNC,59.01,51.31,5,0.049477556,-0.101819796,-0.054078038,-0.048193466,-0.008332696,0.084617158,1.58062016,56.98376002,-0.02879029
LIN,212.9,156.04,9,-0.016079573,-0.08499313,-0.136640174,0.248172301,-0.029589176,-0.053537305,0.916043429,135.0450718,0.047589774
LYV,71.47,49.25,1,0.109553296,0.085416082,-0.464931922,0.238622237,0.13747946,0.012095787,1.10734151,32.39183013,0.171925059
LKQ,35.7,23.73,2,0.13159661,0.07245222,0.0662201,0.051252554,0.090836391,0.268501672,1.063014088,30.48401917,-0.041547476
LMT,389.38,261.84,7,0.055758767,0.115064475,0.141149869,0.125413117,0.224106783,0.140404332,0.750540549,240.024541,0.079846041
L,52.49,45.52,5,0.008321095,0.095382218,0.145378835,-0.001390029,0.047874239,0.651370936,0.928367365,44.77266696,0.020202894
LOW,119.76,92.36,2,0.053352255,0.029039033,0.083613123,0.065196849,0.504332951,-0.109463965,1.020372672,74.72905901,0.076400452
LYB,94.48,83.16,9,-0.053053926,-0.040359385,0.035733283,-0.045445357,0.152161497,-0.130024311,1.288549128,90.05576531,0.011666035
MTB,169.75,143.13,5,0.079450478,0.125904802,0.129950884,0.061818609,0.018397581,0.162658848,1.003782778,139.1716211,0.033160921
M,17,29.78,2,-0.01852433,-0.089906636,-0.059343455,-0.253797673,-0.016353608,-0.180145267,0.94099957,37.36856756,-0.179634791
MRO,13.58,14.34,4,-0.140467237,0.085416082,0.095086603,-0.106661401,0.082077834,0.084617158,1.587409837,19.4883816,-0.156220342
MPC,60.25,59.01,4,0.063558453,0.008797868,0.014310108,0.09117134,0.09603598,0.200652456,1.320615516,51.09583339,0.069338173
MKTX,379.11,211.31,5,0.142897244,0.223268952,0.22313601,0.399247936,-0.035168216,0.082024616,0.779725594,133.8675853,0.310192418
MAR,151.43,108.56,2,0.087369964,0.110725354,0.079985695,0.174938078,0.551421562,0.048860742,1.137752288,86.28593184,0.086055594
MMC,111.41,79.75,5,0.051556518,0.035242529,0.051808946,0.126737715,0.328643625,0.020711756,0.882295238,67.11399499,0.086445053
MLM,279.64,171.87,9,0.098861947,0.314954201,0.307166531,0.186865188,0.049474837,0.30814702,1.119719426,170.3206062,0.117214223
MAS,47.99,29.24,7,0.011397741,0.017812005,0.061858759,0.088659481,1.097746858,0.071985314,1.253986728,29.64483222,0.071915901
MA,298.59,188.65,8,0.123275598,0.175493163,0.207392574,0.247638168,0.460952284,0.191486885,1.222637376,120.5046131,0.216431842
MKC,169.73,139.24,3,0.047345169,0.099205776,0.094137326,0.186094431,0.145535125,0.158202591,1.563561038,95.90296837,0.170021387
MXIM,61.51,50.85,8,-0.018381483,0.272292187,0.283405659,0.130442252,0.066908646,0.030123002,1.118705569,41.54806099,0.123898841
MCD,197.61,177.57,2,-0.051409519,0.048373272,0.104621625,0.102917132,0.82965254,0.066748288,1.482453038,129.6569396,0.173295759
MCK,138.32,110.47,6,0.055197668,0.085416082,0.095086603,-0.123338958,0.030321829,-0.008320431,0.898283746,161.7650955,-0.14588822
MDT,113.45,90.96,6,0.122060906,0.099248877,0.035004707,0.164318858,-0.045543646,0.109084966,0.884899238,77.96427793,0.059444751
MRK,90.95,76.41,6,0.020908028,-0.037567576,-0.013977553,0.074191528,0.143028708,0.083581756,0.784041952,61.84800121,0.077009621
MET,50.97,41.06,5,-0.010292067,-0.01334897,0.021744215,-0.052709028,-0.026207412,-0.033846595,1.339203712,45.46608056,-0.039296002
MTD,793.28,565.58,6,0.038902495,0.106532558,0.14237776,0.174770801,0.368372435,0.089610807,1.155233793,418.3112417,0.169382321
MGM,33.27,24.26,2,0.05052534,0.085416082,0.095086603,0.102885107,-0.043856483,0.084617158,1.470869008,25.48988594,0.032097614
MCHP,104.72,71.92,8,0.202704085,0.111111255,0.072475018,0.225175901,0.26652928,0.200887953,1.275913912,62.10690978,0.123684041
MU,53.78,31.73,8,0.040898843,0.085416082,0.095086603,0.097139568,-0.220539879,0.084617158,1.788349397,27.63847389,-0.024292844
MSFT,157.7,101.57,8,0.075129489,0.164760746,0.183307445,0.257317611,0.253677156,0.084795425,1.195543944,64.58486159,0.216031804
MAA,131.86,95.7,10,0.106003818,0.190456859,0.092071416,0.226542986,-0.085961411,0.084617158,1.350717289,89.59737547,0.063963935
MHK,136.38,116.96,2,0.050237691,0.069455221,0.071903014,-0.029154657,-0.044510231,0.541344415,1.149465515,176.0608242,-0.06851785
TAP,53.9,56.16,3,0.206035421,-0.14007078,-0.16565119,-0.03593713,0.110620243,-0.022782682,0.821450636,73.80269424,-0.068273252
MDLZ,55.08,40.03,3,-0.054556299,0.121222143,0.154818099,0.053808456,0.04898249,0.096262279,0.877787912,41.59606871,0.024577918
MNST,63.55,49.22,3,0.112520688,0.180517223,0.161913296,0.134717941,0.509692187,0.084617158,0.879964317,43.86570407,0.080456994
MCO,237.41,140.04,5,0.076896843,0.075332016,0.099028614,0.175317407,-0.126427109,0.112127832,1.245495641,117.7710973,0.099538183
MS,51.12,39.65,5,0.07234137,0.211329049,0.264036539,0.017287177,-0.032436667,0.084617158,1.517149762,38.13776954,0.005432378
MOS,21.64,29.21,9,-0.003321572,0.085416082,0.095086603,-0.135255809,0.087436716,0.084617158,1.157391808,32.25200167,-0.105618734
MSI,161.14,115.04,8,0.060517685,0.085416082,0.095086603,0.113239264,0.113713867,0.084617158,0.822786984,84.75553365,0.144363388
MSCI,258.18,147.43,5,0.093429957,0.146841428,0.223414409,0.327005034,0.635013205,0.209366631,1.077952152,89.19381471,0.327731614
MYL,20.1,27.4,6,0.082989847,-0.551852144,-0.5867771,-0.132351101,-0.116798805,0.178318211,1.188601153,40.34390499,-0.165020848
NDAQ,107.1,81.57,5,0.041764441,0.133015446,0.137266245,0.16900708,0.124373618,0.088538491,0.879123238,62.70773305,0.14199137
NOV,25.05,25.7,4,-0.169338713,0.085416082,0.095086603,-0.192869654,0.188856632,-0.241430705,1.153710788,41.26677522,-0.208641559
NTAP,62.25,59.67,8,-0.01739806,0.092447263,0.160303725,0.019179509,0.443527963,-0.019868529,1.143059666,43.30549969,0.095362518
NFLX,323.57,267.66,1,0.296393245,0.475666153,0.464334611,0.471112833,0.309280778,0.899008298,1.395062749,132.425756,0.530342671
NWL,19.22,18.59,2,0.092251912,0.085416082,0.095086603,-0.046517454,0.067873366,0.105333784,1.118653299,32.59288002,-0.164171637
NEM,43.45,34.65,9,0.059601244,0.085416082,0.095086603,0.304568067,-0.079336715,0.286574442,0.394295429,29.86445413,0.163617807
NWSA,14.14,11.35,1,0.024536573,0.085416082,0.095086603,-0.013471831,0.456232789,-0.230634388,1.074518351,14.2235554,-0.07776154
NWS,14.51,11.55,1,0.024536573,0.085416082,0.095086603,-0.013471831,0.456232789,-0.230634388,1.001656784,14.38382204,-0.064497051
NEE,242.16,173.82,11,0.024438397,0.088487797,0.067270206,0.206009226,-0.07518027,0.123108344,0.404238409,128.2337708,0.130841752
NLSN,20.3,23.33,7,0.006591908,0.085416082,0.095086603,-0.155400179,0.233544903,0.004264547,0.926126667,38.12030426,-0.150176062
NKE,101.31,74.14,2,0.065044877,0.088137796,0.110894735,0.138078426,0.364231412,0.045825654,0.956289248,56.97163801,0.114380034
NI,27.84,25.35,11,-0.033765217,0.085416082,0.095086603,-0.049322677,0.004433045,0.084617158,0.492898669,20.93505552,0.110491274
NBL,24.84,18.76,4,-0.020628055,0.085416082,0.095086603,-0.070922176,0.05746786,-0.173637466,1.39358321,37.06873784,-0.206960303
JWN,40.93,46.61,2,0.032666635,-0.055140964,-0.020625088,-0.158991113,0.308272339,-0.042901515,0.923435619,53.66089081,-0.124656875
NSC,194.13,149.54,7,-0.005708295,0.063583583,0.098475238,0.083369073,0.013949165,0.18635835,1.135084809,115.7290177,0.080753871
NTRS,106.24,83.59,5,0.088485746,0.129472335,0.148009686,0.072369023,-0.095638533,0.304929088,1.203709313,78.95688759,0.055294336
NOC,343.97,244.9,7,0.071327922,0.01673357,0.059778804,0.142555779,0.217575862,0.08340227,0.833553337,208.1407611,0.135351117
NLOK,25.52,18.895,8,-0.092421748,0.085416082,0.095086603,-0.021219352,0.156036798,0.084617158,0.950334147,23.5448401,-0.073610297
NCLH,58.41,42.39,2,0.15633576,0.224176764,0.210807582,0.035155272,-0.05036752,0.084617158,1.088108814,46.70586354,-0.024230524
NRG,39.75,39.6,11,-0.091496293,0.085416082,0.095086603,0.018789767,0.282405389,0.236465945,1.017299877,24.36406618,0.10099185
NUE,56.28,51.81,9,0.01368076,0.12229185,0.131720273,0.017501617,-0.055075472,0.145667847,1.234340826,53.38758216,0.013779827
NVDA,235.3,133.5,8,0.169698269,0.3275675,0.30407082,0.67573748,-0.059723355,0.388623908,1.410720651,63.60255762,0.606355713
NVR,3808.41,2436.99,2,0.106999112,0.255499159,0.292984231,0.219175045,-0.09092913,0.407288632,0.703704187,1879.715702,0.175730522
ORLY,438.26,344.33,2,0.070613709,0.123186338,0.193435146,0.111558062,1.070710153,0.072766864,0.826395111,238.441171,0.156294263
OXY,41.21,61.38,4,0.010952553,0.085416082,0.095086603,-0.100470114,0.37047699,0.084617158,1.002494993,72.18766322,-0.065770862
ODFL,126.52,82.3267,7,0.080672823,0.181350715,0.198645249,0.177587166,-0.213688179,0.838918785,1.101527692,59.024344,0.123017722
OMC,81.02,73.24,1,-0.004799802,0.039366673,0.073940924,-0.01706916,0.161398971,0.067777988,0.851041841,75.47175633,-0.013939198
OKE,75.67,53.95,4,-0.03577351,0.32412765,0.155509297,0.24700673,-0.020105033,0.084617158,1.18276464,52.27070274,0.020263455
ORCL,52.98,45.15,8,0.003890174,0.000659861,0.057700085,-0.029590073,0.358896671,-0.034485412,1.034723114,43.47655588,0.000999169
PCAR,79.1,57.14,7,0.06147549,0.119366021,0.124288926,0.025836138,-0.010437248,0.0869391,1.228408263,62.77410911,-0.042603434
PKG,111.99,83.46,9,0.035394195,0.121454592,0.130573804,0.066616372,-0.106738379,0.206264027,1.135395473,82.99445199,0.0168956
PH,205.82,149.14,7,0.013374239,0.046375764,0.076406778,0.066448478,0.263747353,0.047324294,1.274980105,138.1565903,0.037034484
PAYX,85.06,65.15,8,0.089087407,0.106351028,0.108801091,0.127007655,0.737986646,0.087077008,0.886179873,56.47510159,0.089904979
PNR,45.87,37.78,7,-0.159236312,0.085416082,0.095086603,-0.090750206,0.040581083,0.060622755,1.199409819,42.30301372,-0.040653075
PBCT,16.9,14.43,5,0.108514017,0.15635402,0.085321006,0.098894293,-0.063256782,-0.102045205,0.893989994,16.26249166,-0.012587457
PEP,136.67,110.48,3,0.001429556,0.023469195,0.039936081,0.061332153,0.097181618,-0.066630621,1.402716353,103.8246904,0.0396665
PKI,97.1,78.55,6,0.052076942,0.075992223,0.079257723,0.169080711,0.129131033,0.026022668,1.146336781,58.88828463,0.15768839
PRGO,51.66,38.75,6,0.030058448,0.085416082,0.095086603,-0.214627285,0.103392693,-0.362934441,0.923722349,99.61920094,-0.306119255
PFE,39.18,43.65,6,0.008502502,0.122410742,0.151871603,0.020126095,0.107761863,-0.081001386,0.805836762,34.42262667,0.088006649
PM,85.09,66.76,3,0.000255186,-0.008359609,-0.005952804,0.009062646,-0.035168216,0.070018401,0.656888852,90.19128921,-0.04850544
PSX,111.41,86.15,4,-0.060409856,-0.08369641,-0.041152831,0.045205988,0.08978582,0.084617158,1.152262471,85.36969495,0.046969503
PNW,89.93,85.2,11,-0.001172572,0.062477936,0.059371324,0.060260384,0.054575596,0.084617158,0.406997405,72.65973366,0.056790322
PXD,151.37,131.52,4,0.170265861,0.085416082,0.095086603,0.024983687,-0.090743259,-0.386688955,1.361325795,162.5031596,-0.030471142
PNC,159.63,116.91,5,0.058402827,0.051139474,0.09011115,0.078182292,0.032846902,0.0568329,1.079350145,106.3961763,0.063967829
PPG,133.49,102.23,9,-0.002802118,-0.099740561,-0.070701292,-0.000988065,0.142274746,0.12919761,1.075019638,105.2002761,-0.030207961
PPL,35.88,28.33,11,0.024960118,0.001034128,-0.017319679,0.014320729,0.035148457,0.086633747,0.447084661,32.41746918,-0.042551299
PFG,55,44.17,5,0.091362563,0.040332626,0.059768088,0.000247561,0.010286123,0.125603252,1.383623933,52.52363041,-0.03970125
PG,124.9,91.92,3,-0.023856028,-0.128032009,-0.117560384,0.048214608,0.036514938,0.017824786,1.416232662,86.3984772,0.002270224
PGR,72.39,60.33,5,0.150192854,0.253876719,0.255214502,0.216223318,0.019972252,0.295309553,0.806772317,39.53849377,0.22273575
PLD,89.14,58.72,10,0.135961673,0.198469728,0.146854528,0.212217756,-0.059251688,0.084617158,0.879303492,51.88669491,0.080820753
PRU,93.74,81.55,5,0.036756826,0.248306147,0.292830859,-0.018781364,-0.100075504,0.002350238,1.419780266,90.63768247,-0.025589746
PEG,59.05,52.05,11,-0.015345283,0.022061519,0.022314947,0.073417058,0.076892783,0.084617158,0.455557414,44.71247975,0.058836432
PSA,212.96,202.41,10,0.054204579,0.0585187,0.067631435,0.031034568,0.502611561,-0.028482803,0.490198121,207.0952283,0.022946987
PHM,38.8,25.99,2,0.118949371,0.164718029,0.240369876,0.057338092,0.090128529,0.084617158,1.159522687,22.98598547,0.049045054
PVH,105.15,92.95,2,0.035504622,0.129490552,0.151388545,-0.062048258,-0.030128718,0.069053423,1.045027945,112.5166443,-0.077182647
PWR,40.71,30.1,7,0.0927263,0.062642324,0.153758896,-0.011368434,1.16973006,0.295291581,1.204271984,31.24942785,0.014729475
QCOM,88.23,56.91,8,-0.018919349,0.085416082,0.095086603,-0.040037551,6.373304809,-0.006292446,1.072330269,63.82382995,-0.064581159
DGX,106.79,83.27,6,0.007708092,0.090642706,0.106755448,0.082158558,-0.014734337,0.05162097,0.770150828,80.96662431,0.055616704
RL,117.22,103.46,2,-0.034096752,0.085416082,0.095086603,-0.116405647,0.388063777,-0.018692078,1.016900108,118.3103058,-0.135417729
RJF,89.46,74.41,5,0.099120319,0.165365712,0.167287065,0.087802207,0.002513393,0.084617158,1.354129025,65.71624617,0.067549744
RTN,219.74,153.35,7,0.05031408,0.082985657,0.106764161,0.129028966,0.010510221,0.137476476,0.797248539,137.5176605,0.091174574
O,73.63,63.04,10,0.098263914,0.100314399,0.059732594,0.176988942,-0.007240684,0.015340764,0.481686629,54.33274958,0.072140488
REG,63.09,58.68,10,0.160691546,0.050234863,-0.044618278,0.121757215,-0.104156413,0.084617158,0.640708281,63.13540837,-0.020619624
REGN,373.35,372.44,6,0.227682027,0.44304279,0.418730626,-0.002322379,-0.122761989,0.366758169,1.316179678,380.1559806,-0.023882875
RF,17.16,13.38,5,0.042266946,0.066420812,0.135474517,0.02633697,0.193557938,-0.000429323,1.308867251,12.32113219,0.06095765
RSG,89.63,72.09,7,0.031889376,0.144067209,0.169689726,0.148570349,0.04142535,0.114029964,0.643316807,52.87672689,0.156850624
RMD,154.97,113.87,6,0.114913083,0.052545809,0.048633797,0.233053629,0.223527021,0.051667798,0.864329796,71.49547618,0.193820568
RHI,63.15,57.2,7,0.052867589,0.082355995,0.116023498,-0.01575133,1.813046169,0.106152511,1.23274577,50.87155932,-0.005091859
ROK,202.67,150.48,7,0.003928922,0.019027125,0.05219686,0.092537626,0.438852512,0.02414656,1.234648923,136.9772011,0.078557986
ROL,33.16,36.1,7,0.073829502,0.081143837,0.083390541,0.176511046,-0.035168216,0.112633111,0.817861206,22.16926176,0.251599882
ROP,354.23,266.52,7,0.086199986,0.223039824,0.213277117,0.186740629,0.048215149,0.117470806,1.042524633,204.7418646,0.142636202
ROST,116.42,83.2,2,0.079146858,0.129873777,0.162265312,0.162826451,0.516832588,0.185181821,0.874040254,59.94138507,0.152673932
RCL,133.51,97.79,2,0.062849758,0.197139783,0.211286286,0.088035916,0.009273495,0.084617158,1.323816292,85.69759667,0.043643774
SPGI,273.05,169.94,5,0.058099531,0.085416082,0.095086603,0.225338924,0.354123724,0.189592837,1.136532302,125.7361679,0.175576249
CRM,162.64,136.97,8,0.2558333,0.085416082,0.095086603,0.309781164,-0.093234356,0.359425319,1.352383298,86.32624362,0.232748217
SBAC,240.99,161.89,10,0.056993003,0.085416082,0.095086603,0.136707238,-0.035168216,0.121642244,0.718768908,128.5256771,0.099535534
SLB,40.2,36.08,4,-0.074891764,0.085416082,0.095086603,-0.127243064,0.119520227,-0.130175619,1.06117211,70.89478673,-0.193806204
STX,59.5,38.59,8,-0.068355577,-0.03521896,0.00064433,-0.064030339,0.129694748,-0.133584394,1.381346444,45.62732913,-0.127202923
SEE,39.83,34.84,9,-0.091717173,0.004939274,0.071623301,-0.072357464,0.251386129,0.084617158,1.034752241,41.56797119,-0.048078187
SRE,151.48,108.19,11,-0.003761771,0.13596333,0.093343581,0.092644619,0.024159566,-0.085495561,1.264064377,108.7982716,-0.007193814
NOW,282.32,178.05,8,0.383558863,0.085416082,0.095086603,0.395463445,-0.058394717,0.629513927,1.544086487,100.475981,0.272764436
SHW,583.54,393.46,9,0.099711987,0.122235369,0.133326051,0.163607844,0.172290459,0.177283625,0.964643365,305.8132829,0.105909778
SPG,148.96,167.99,10,0.033930954,0.083309556,0.085271364,-0.041821167,0.154783738,0.095712071,0.646738282,173.0277363,-0.019974426
SWKS,120.88,67.02,8,0.049565454,0.081398826,0.101513706,0.082391534,-0.035168216,0.031273333,1.585895492,72.91645546,-0.020165855
SLG,91.88,79.08,10,-0.04005478,-0.121914275,-0.102548104,-0.089791258,-0.01154652,0.084617158,0.84045509,102.1909165,-0.097158157
SNA,169.4,145.29,7,0.030955721,0.104504242,0.116394844,0.031778612,-0.021340433,0.126301491,1.03834028,147.5663091,0.015278144
SO,63.7,43.92,11,0.029746176,0.183488695,0.156310115,0.086166841,0.049133459,0.084617158,0.675298079,47.58526338,-0.027536971
LUV,53.98,46.48,7,0.038064714,0.151615913,0.210583275,-0.002210503,0.041053629,0.214548152,1.058077712,41.88758784,0.023717471
SWK,165.74,119.74,7,0.049578157,0.04666545,0.057806304,0.108528962,0.014983003,-0.044853186,1.095855086,115.7141238,0.056578003
SBUX,87.92,64.4,2,0.096572445,0.082082623,0.130963012,0.110801994,0.561765366,0.040866672,0.882297272,53.93236125,0.11933303
STT,79.1,63.07,5,0.042147151,0.019763929,0.031955849,-0.025770257,-0.089958288,0.084617158,1.310858422,74.29590634,-0.053243504
STE,152.42,106.85,6,0.104096894,0.242842156,0.158322835,0.271993497,-0.070299554,0.171229188,0.93876,77.10004734,0.132964068
SYK,209.94,156.75,6,0.089967974,0.322441313,0.323813866,0.171052999,0.129526089,-0.000905447,0.905822794,120.448034,0.135375266
SIVB,251.04,189.92,5,0.19250265,0.339412829,0.321687726,0.170101958,0.032159811,0.388228284,1.540164266,156.2279694,0.131000194
SNPS,139.2,84.24,8,0.103110472,0.154890204,0.163447271,0.257825562,0.090988785,0.061161622,0.969847556,62.81053362,0.179864623
SYY,85.54,62.66,3,0.046820236,0.157678963,0.189878447,0.133422897,0.359243426,0.081610415,0.642326429,49.45774386,0.120926981
TMUS,78.42,63.61,1,0.087642085,0.696197533,0.673580254,0.252666489,-0.009621352,0.084617158,0.97254564,47.02199138,0.239601095
TROW,121.84,92.32,5,0.071253783,0.116287717,0.135127242,0.050347559,-0.035168216,0.0159717,1.236035468,85.56424226,0.018301135
TTWO,122.43,102.94,1,0.240012073,0.085416082,0.095086603,0.425447166,-0.383942792,0.084617158,1.201190757,49.82637474,0.384332027
TPR,26.97,33.75,2,0.060176699,0.005772891,0,-0.063862059,0.715408783,-0.101914406,0.968366429,39.37854264,-0.026385466
TGT,128.21,66.09,2,0.016006405,0.085416082,0.095086603,0.060860062,0.090594635,0.071423875,0.706998858,71.32190193,-0.034039895
TEL,95.84,75.63,8,0.017608964,-0.03451186,0.003841342,0.045009416,-0.000657085,0.063899727,1.165858988,71.47674679,0.045703093
FTI,21.44,19.58,4,0.110420287,0.085416082,0.095086603,-0.026335108,0.012227802,0.084617158,1.256905735,35.15706724,-0.195920573
TFX,376.44,258.48,6,0.071233029,0.420885776,0.171368274,0.296626159,0.065875297,0.0983965,0.829936353,172.1551726,0.22490484
TXN,128.29,94.5,8,0.019720334,0.122039647,0.153951768,0.16254201,0.08621233,0.105931917,1.238156591,70.51558393,0.153029873
TXT,44.6,45.99,7,-0.003599826,0.063166471,0.104249596,-0.02617764,-0.031230245,-0.235075552,1.31885639,44.98385022,0.022279241
TMO,324.87,223.79,6,0.086243291,0.143015331,0.141860379,0.210509167,-0.029992518,0.13046867,1.114467567,162.2985427,0.156061842
TIF,133.65,80.51,2,0.005744867,0.241744892,0.25890106,0.03007753,0.107141769,0.084617158,1.054588634,90.42798686,-0.068337395
TJX,61.06,44.74,2,0.072911403,0.078014277,0.109436028,0.091035593,0.383065634,0.032241166,0.811731365,38.04710721,0.068764755
TSCO,93.44,83.44,2,0.078956843,0.086811196,0.118070311,0.006400357,1.05958819,0.190441837,0.998211531,77.50422882,0.014342135
TT,103.1162,70.7741,7,0.051856557,0.086512446,0.11024999,0.135338089,0.078450883,0.17699567,1.171522665,58.49906523,0.095290157
TDG,560,340.06,7,0.192475853,0.258279444,0.307343552,0.238273442,-0.035168216,0.118051266,0.910709146,259.3885022,0.147178928
TRV,136.95,119.75,5,0.03060638,-0.066156288,-0.015656475,0.001536087,0.010308886,0.007224086,0.790693905,113.9367477,0.031326471
TFC,56.32,43.32,5,0.080434946,0.085416082,0.064505134,0.219466614,-0.009644583,-0.138871999,1.044003872,42.33595445,0.027336282
TWTR,32.05,28.74,1,0.197806638,0.085416082,0.095086603,0.017990428,0.095563305,0.084617158,0.676348,28.15912583,-0.053896069
TSN,91.04,53.4,3,0.016553522,0.171522106,0.176128917,0.153101211,0.085139616,0.072562365,0.661534761,55.06337349,0.074301792
UDR,46.7,39.62,10,0.070901437,0.037231577,0.006579515,0.117130695,-0.038780282,0.084617158,1.448870835,34.8895348,0.064805925
ULTA,253.14,244.84,2,0.187063854,0.237418157,0.261323668,0.119511215,-0.035168216,0.343968297,0.856437474,192.4878802,0.176396983
USB,59.29,45.7,5,0.050175195,0.033950757,0.061782383,0.028579586,-0.03569901,-0.017198118,0.976775972,46.62232703,0.004145453
UAA,21.6,17.67,2,0.112965101,0.085416082,0.095086603,-0.087930377,0.297984896,0.084617158,1.28869137,26.89757436,-0.157522774
UNP,180.79,138.23,7,-0.0197764,0.027031387,0.078144199,0.034516701,0.241335998,0.111517851,1.100755973,111.6858248,0.037875575
UAL,88.09,83.73,7,0.021464181,0.215948418,0.308473686,-0.02021623,-0.144488549,0.084617158,1.20853566,61.13273823,0.057742547
UNH,293.98,249.12,6,0.131654599,0.197537537,0.202788048,0.234794298,0.086823158,0.202256061,0.926366095,147.9572945,0.252925071
UPS,117.06,97.53,7,0.049359423,0.079271614,0.09201103,-0.004959355,0.188277509,0.084617158,0.854769239,106.068752,-0.032195461
URI,166.77,102.53,7,0.104652087,0.16803234,0.225366924,0.042448179,-0.043411046,0.084617158,1.851602603,102.559485,0.001271956
UHS,143.46,116.56,6,0.067575293,0.083632475,0.106359841,0.026686431,-0.016238635,0.045241316,0.871026349,115.4767597,0.011702029
UNM,29.16,29.38,5,0.026568638,0.223025207,0.277503543,-0.073060262,0.021057182,0.07315336,1.258270706,36.8451551,-0.041992677
VFC,99.66,67.1486,2,-0.00032098,0.042853328,0.060751364,0.042347742,0.198870877,-0.115430911,0.923429524,64.48545148,-0.012100228
VLO,93.65,74.97,4,-0.047230492,-0.077739724,-0.031535344,0.083096295,0.102452163,0.111171038,1.174882201,66.79523611,0.109355084
VAR,142.01,113.31,6,0.014945977,-0.070498732,-0.048308527,0.082957753,-0.065658583,-0.069889657,0.926023556,89.80093046,0.102804138
VTR,57.74,58.59,10,0.057396573,-0.018654522,-0.059085383,0.003185758,-0.012872559,0.084617158,0.464420085,60.35636163,-0.017168417
VRSN,192.68,148.29,8,0.040456438,0.115022029,0.131298648,0.267975644,-0.035168216,0.047586773,0.968086355,90.74895499,0.270016176
VRSK,149.34,109.04,7,0.083394386,0.023769249,0.026746262,0.182977278,-0.151774654,0.166384954,0.803671302,85.36264991,0.142264493
VZ,61.4,56.22,1,0.007425933,0.148877317,0.130829359,0.055186849,-0.209960129,0.057884607,1.485176777,50.61778019,0.047026457
VRTX,219.45,164.08,6,0.482961314,0.085416082,0.095086603,0.145280793,-0.069863506,0.084617158,1.481878272,119.6868865,0.084076179
VIAC,41.97,43.72,1,0.056144784,-0.067711022,0.014266013,-0.019861757,0.18537311,-0.041171702,1.048015518,55.04106006,-0.057220242
V,187.9,131.94,8,0.127179131,0.171848413,0.226265752,0.179270681,0.282096776,0.127932138,1.13676582,88.22064469,0.191107463
VNO,66.5,62.03,10,-0.036047109,0.294842208,0.312310165,-0.104983421,-0.022502729,0.084617158,0.760673311,74.21469898,-0.078859157
VMC,143.99,98.8,9,0.104837346,0.246902396,0.24519812,0.170960824,0.045156343,0.753883047,1.196832829,101.3583508,0.107256729
WRB,69.1,49.2733,5,0.020809525,0.009988565,0.011563768,0.143012311,-0.009405953,-0.003181728,0.70892591,40.9194836,0.095799714
WAB,77.8,70.25,7,0.21916054,-0.014710485,-0.139178702,0.122623026,0.122139927,0.143975855,1.115118873,80.38184626,-0.051758119
WMT,118.84,93.15,3,0.014962846,-0.018365083,0.005650077,0.040241473,0.074469071,0.004880205,1.465372487,81.05359497,0.020522786
WBA,58.96,68.33,3,0.121020518,0.12367999,0.133550137,-0.088154691,0.229170351,0.044659741,0.941541143,71.82920355,-0.026885122
DIS,144.63,109.65,1,0.085289226,0.057509878,0.066910157,0.10293651,0.092563294,-0.304885819,0.917522969,101.3879204,0.038725898
WM,113.96,88.99,7,0.020030165,0.05169148,0.069176545,0.155201178,0.029309501,0.117450311,0.64754313,65.67558394,0.147528921
WAT,233.65,188.65,6,0.038816073,0.065302816,0.114364346,0.099086817,0.476686904,0.026493943,1.020784454,150.1983536,0.137401921
WEC,92.23,69.26,11,0.085264904,0.140382187,0.06583699,0.19589368,0.007194268,-0.279985284,0.363170074,58.08299416,0.070497335
WFC,53.8,46.08,5,0.03293433,-0.032470202,-0.005332345,-0.043621385,0.069831995,-0.174244292,1.079020383,51.58276368,-0.042489909
WELL,81.78,69.41,10,0.089017129,0.191991033,0.165092664,0.060031016,0.012081398,0.084617158,0.497368214,68.38457925,-0.021356361
WDC,63.47,36.97,8,0.005175005,0.085416082,0.095086603,-0.05990893,0.314202134,-0.29699692,1.46086899,70.88081903,-0.239804215
WU,26.78,17.06,8,-0.011500625,0.085416082,0.095086603,0.037051836,0.549088303,-0.020319818,0.962557487,19.07391305,-0.012082087
WY,30.2,21.86,10,-0.024067597,0.085416082,0.095086603,0.036401559,-0.024874074,-0.03430952,0.958092188,30.97732392,-0.116576038
WHR,147.53,106.87,2,0.005445601,0.085416082,0.095086603,-0.091760962,0.23641953,-0.016616925,1.16293782,157.4301083,-0.138194764
WMB,23.72,22.05,4,0.014352267,0.085416082,0.095086603,-0.030645907,0.02313719,0.084617158,1.295136452,33.81591511,-0.163060854
WLTW,201.94,151.86,5,0.189108969,0.235942839,0.085479563,0.267528844,-0.092653252,0.18063871,0.769524598,134.7954748,0.063522333
WYNN,138.87,98.91,2,0.040006908,-0.299962748,-0.308054377,-0.002244777,-0.274529348,0.084617158,1.323500234,129.2363769,-0.096998424
XEL,63.49,49.27,11,-0.002703837,0.060814984,0.054751052,0.128829092,0.046864346,0.123969063,0.34636828,40.85168485,0.08221004
XRX,36.87,19.76,8,-0.140996717,0.085416082,0.095086603,-0.12813552,0.06572796,0.084617158,1.234550138,29.46443759,-0.142315775
XLNX,97.77,85.17,8,0.05903852,0.054984917,0.066302618,0.165170522,-0.035642978,0.053685535,1.177408313,59.20175572,0.184335549
XYL,78.79,66.72,7,0.060343987,0.035387445,0.037933475,0.154292377,0.096500542,0.157459338,1.087782606,49.29649451,0.150583893
YUM,100.73,91.92,2,-0.158686249,0.042476592,0.124746113,-0.008972086,0.67946311,-0.032115762,0.918616119,67.90355687,0.150945356
ZBRA,255.44,159.23,8,0.21837071,0.085416082,0.095086603,0.284310528,0.067123925,0.084617158,1.236489858,97.52960831,0.19758668
ZBH,149.68,103.72,6,0.113011852,0.085416082,0.095086603,0.098945293,0.240932638,0.08153662,0.942613714,112.2793065,-0.022102769
ZION,51.92,40.74,5,0.065615508,0.154145731,0.210035003,0.088738912,0.238340577,0.231343474,1.258216787,37.3832294,0.093341799
ZTS,132.35,85.54,6,0.055208979,0.208048974,0.220377893,0.239203572,-0.01747716,0.245171814,0.933700571,55.98175463,0.187406645
